meetnet;locatie;traject
Harlekijn;Kartuizerduinen (c0-48-24);Tracks
Kleine wolfsklauw;Mechelse Heide2 (d7-44-11);Tracks
Kleine wolfsklauw;Mechelse Heide1 (d7-34-33);Tracks
Klimopklokje;Kindernouw1 (c5-15-32);Kaart
Klimopklokje;Rollekesbergen (b5-56-33);Kaart
Purperorchis;Weerhakenmonument (e7-58-24);Tracks
Purperorchis;Broekbos (e7-57-24);Tracks
Purperorchis;Veursbos1 (e7-58-13);Tracks
Purperorchis;Veursbos2 (e7-58-31);Tracks
Purperorchis;Roodbos (e7-58-34);Tracks
Purperorchis;Stroevenbos1 (f7-17-22);Tracks
Welriekende nachtorchis;Boenderberg (e8-51-31);Tracks
Welriekende nachtorchis;Veursbos-Noord (e7-58-13);Tracks
Welriekende nachtorchis;Veursbos-Zuid (e7-58-31);Tracks
Welriekende nachtorchis;Alsbos (e7-57-34);Tracks
Welriekende nachtorchis;Teuvenerberg (e7-58-21);Tracks
Witte waterranonkel;Goorbossen1 (b6-52-24);Tracks
Spits fonteinkruid;Blankaart1 (d1-33-32);Kaart
Spits fonteinkruid;Blankaart2 (d1-33-34);Kaart
Spits fonteinkruid;Blankaart3 (d1-33-43);Kaart
